ID;TOPONIM;ORT_ANT;NUME_ALT;LIMBA;COD1;COD2;COD3;UAT;UAT_ACT;LAT_WGS84;LONG_WGS84;X_STEREO;Y_STEREO
10000;Ac Punar;;;turcă;100;1001;101;Cârjelari;Cerna;45.044005;28.380079;766335.9572;399408.6793
10001;Ac Punar;Ak-Pinar, Apânar;Mircea Vodă;turcă;400;4001;401;Cârjelari;Cerna;45.035918;28.354736;764378.0896;398426.7775
10002;Aganim; ; ;turcă;200;2002;201;Măcin;Măcin;45.274753;28.119563;744825.9638;424207.0042
10003;Valea Ai Ormanului; ;Peceneaga;turcă;100;1001;101;Peceneaga;Dorobanțu;44.970578;28.2796;758757.7221;390925.2345
10004;Ai Orman; ; ;turcă;400;4001;401;Coium-Punar;Dorobanțu;44.95989;28.286727;759368.2019;389761.1536
10005;Azaclâu;Zaclăii;23 August, I.C. Brătianu;turcă;400;4001;401;Pisica;I.C.Brătianu;45.407478;28.05101;738887.9989;438741.9763
10006;Baba-Bair; ; ;turcă;200;2002;201;Coium-Punar;Dorobanțu;44.927898;28.262582;757608.5958;386130.3166
10007;Grindul Baghiei; ; ;română;200;2002;202;Măcin;Smârdan;45.308412;28.051824;739371.2444;427740.9135
10008;Apa Bălanu; ; ;română;100;1001;102;Turcoaia;Cerna;45.064565;28.180836;750557.3952;401050.8832
10009;Balta Bălășeșci; ; ;română;100;1002;103;Pisica;I.C.Brătianu;45.387982;28.059502;739635.206;436601.8815
10010;Bisericuța; ; ;română;400;4004;404;Văcăreni;Jijila;45.37867;28.139159;745910.1265;435809.0771
10011;Dealul Borun-Bair; ; ;turcă;200;2002;201;Cârjelari;Dorobanțu;44.964998;28.309405;761133.0789;390401.9134
10012;Valea Bostanelor; ; ;română;100;1001;101;Jijila;Jijila;45.271838;28.199818;751132.5636;424131.535
10013;Grindul Brăilei; ; ;română;200;2002;202;Pisica;Grindu;45.421245;28.241329;753716.0005;440856.6089
10014;Gârla Brăilei; ; ;română;100;1001;102;Pisica;Grindu;45.42202;28.230899;752896.7319;440909.6819
10015;Valea lui Bran; ; ;slavă;100;1001;101;Văcăreni;Jijila;45.300873;28.175267;749079.3022;427279.7789
10016;Movila Breazului; ; ;română;200;2002;203;Peceneaga;Cerna;45.001599;28.210048;753136.4432;394149.0364
10017;Dealul Bugeac; ; ;turcă;200;2002;201;Văcăreni;Jijila;45.38093;28.123766;744695.4071;436012.9444
10018;Bujor; ; ;română;200;2002;201;Turcoaia;Turcoaia;45.114979;28.227398;753997.0666;406796.5372
10019;Cale-Bair; ; ;turcă;200;2002;201;Satu-Nou;Cerna;45.030482;28.24594;755834.9319;397470.6719
10020;Apa Calistriei; ;Lunca Plopilor;incert;100;1001;101;Greci;Greci;45.173992;28.229497;753898.1281;413357.5372
10021;Camber-Tepesi; ; ;turcă;200;2002;201;Coium-Punar;Dorobanțu;44.923596;28.271647;758343.2781;385681.6067
10022;Cana-Mișea; ; ;turcă;100;1001;101;Coium-Punar;Dorobanțu;44.911747;28.270462;758303.3536;384361.7911
10023;Canat Calfa; ; ;turcă;200;2002;201;Coium-Punar;Dorobanțu;44.938559;28.316904;761845.6359;387489.9018
10024;Canat Calfa; ;Meșteru;turcă;100;1001;101;Coium-Punar;Dorobanțu;44.94093;28.307024;761055.4236;387721.0951
10025;Canat Calfa; ; ;turcă;400;4001;401;Coium-Punar;Dorobanțu;44.92624;28.303349;760832.6398;386077.6361
10026;Valea Caprei; ; ;română;100;1001;101;Cârjelari;Dorobanțu;44.935761;28.374698;766417.6474;387369.0732
10027;Caracicula; ; ;turcă;200;2002;201;Cerna;Cerna;45.103507;28.241106;755126.567;405565.8643
10028;Crapcea; ;Carapcea;turcă;200;2002;201;Cârjelari;Cerna;45.074094;28.359685;764590.2716;402682.9955
10029;Dealul Cărărilor; ; ;română;200;2002;201;Văcăreni;Văcăreni;45.318738;28.17918;749307.2322;429276.1869
10030;Carcaliu; ; ;română;400;4002;402;Carcaliu;Carcaliu;45.185085;28.142167;746989.1797;414316.9541
10031;Cardonu Turcesc; ; ;rusă;400;4004;406;Peceneaga;Peceneaga;45.021115;28.172558;750096.6061;396199.193
10032;Cârjelari; ; ;română;100;1001;101;Cârjelari;Dorobanțu;44.96148;28.358261;765001.5441;390171.1338
10033;Cârjelari; ;Ai Orman;română;100;1001;101;Cârjelari;Dorobanțu;44.941633;28.328259;762727.2076;387868.3657
10034;Cârjelari;Kiedjilar, Kardjelar, Cadjilari; ;română;400;4002;402;Cârjelari;Dorobanțu;44.9618;28.338712;763458.6072;390142.3938
10035;Movila Cazacilor; ; ;rusă;200;2002;201;Peceneaga;Peceneaga;44.99466;28.157071;748992.2214;393212.783
10036;Cerna; ; ;slavă;200;2002;201;Cerna;Cerna;45.060946;28.322034;761687.782;401099.3399
10037;Cerna; ; ;slavă;200;2003;204;Cerna;Cerna;45.086804;28.279646;758233.831;403833.9803
10038;Cerna; ; ;slavă;100;1001;101;Cerna;Cerna;45.104351;28.3318;762256.2712;405951.9122
10039;Cerna;Tcherna, Czerna; ;slavă;400;4002;402;Cerna;Cerna;45.079476;28.298559;759755.3497;403081.1182
10040;Certe Tele; ; ;incert;100;1002;104;Turcoaia;Turcoaia;45.09174;28.17772;750192.5742;404059.4271
10041;Dealul Cheia; ; ;română;200;2002;201;Măcin;Jijila;45.276056;28.151314;747310.2251;424449.2041
10042;Chiciu; ; ;incert;200;2002;205;Pisica;I.C.Brătianu;45.427188;28.071677;740420.8942;440993.0818
10043;Ciubucluc-Bair; ; ;turcă;200;2002;201;Cârjelari;Dorobanțu;44.987009;28.39161;767511.3576;393116.9405
10044;Ciulnețu; ; ;incert;100;1001;102;Pisica;Jijila;45.374061;28.173147;748590.8933;435402.0934
10045;Grindul Ciupitoarei; ; ;bulgară;200;2002;202;Văcăreni;Jijila;45.378654;28.163632;747825.8641;435882.7432
10046;Clecea Mare; ; ;română;200;2002;202;Măcin;Smârdan;45.291854;28.038578;738402.8573;425862.2952
10047;Balta Cluciului; ; ;română;100;1002;104;Pisica;Grindu;45.397928;28.184871;749403.1642;438089.4315
10048;Grindul Cluciului; ; ;română;200;2002;202;Pisica;Grindu;45.407712;28.166566;747927.7947;439119.2799
10049;Gârla lui Coea; ; ;incert;100;1001;102;Măcin;Smârdan;45.336007;28.05853;739779.7452;430825.9972
10050;Coium Punar; ;Fîntîna Oilor;turcă;400;4002;402;Coium-Punar;Dorobanțu;44.924082;28.254104;756956.8565;385679.3568
10051;Gârla Combrei; ; ;incert;100;1001;102;Măcin;Smârdan;45.339879;28.045726;738760.3429;431217.8272
10052;Grindul Combrei; ; ;incert;200;2002;202;Măcin;Smârdan;45.336018;28.03475;737916.8195;430756.3221
10053;Gârla Combrei; ; ;incert;100;1001;102;Pisica;I.C.Brătianu;45.381895;28.051159;739008.0146;435900.8505
10054;Grindul Combrei; ; ;incert;200;2002;202;Pisica;I.C.Brătianu;45.379819;28.047692;738745.4196;435659.9223
10055;Coșlug; ; ;turcă;200;2002;201;Greci;Greci;45.16834;28.296675;759201.3471;412944.6399
10056;Gârlița Coticerului; ; ;română;100;1001;102;Măcin;Măcin;45.276353;28.106597;743802.254;424345.1946
10057;Grindul Coticerului; ; ;română;200;2002;202;Măcin;Jijila;45.292712;28.102389;743401.8766;426149.4056
10058;Privalu Coticerului; ; ;română;100;1001;102;Măcin;Jijila;45.303413;28.118917;744651.3271;427388.2986
10059;Crucelari; ; ;română;200;2002;206;Greci;Greci;45.177455;28.270396;757095.4096;413872.4261
10060;Curt-Bair; ; ;turcă;200;2002;201;Cerna;Cerna;45.108698;28.268045;757221.9976;406228.386
10061;Daiaman Bair;Daiman Bair; ;turcă;200;2003;204;Cerna;Cerna;45.124903;28.305597;760101.2175;408149.2174
10062;Piscu Dascălului; ; ;română;200;2002;201;Jijila;Jijila;45.26331;28.193361;750663.943;423164.1381
10063;Dealul cu Monument; ; ;română;200;2002;201;Văcăreni;Jijila;45.351103;28.145019;746489.1539;432765.2284
10064;Dermnt Sârtâ; ; ;turcă;200;2002;207;Greci;Greci;45.180455;28.22536;753544.2442;414062.2743
10065;Dijcadael-Bair; ; ;turcă;200;2002;201;Cârjelari;Dorobanțu;45.001849;28.311533;761132.0467;394501.6382
10066;Ditcov; ; ;incert;200;2002;206;Greci;Greci;45.181568;28.263855;756562.9889;414308.2943
10067;Insula lui Moș Dobre; ; ;română;200;2002;205;Turcoaia;Frecăței;45.09382;28.130719;746485.7689;404145.0471
10068;Domus-Culac;Domuz-Culac; ;turcă;200;2002;206;Cârjelari;Cerna;45.0198;28.312466;761123.2854;396498.3749
10069;Eșil-Tepe; ; ;turcă;200;2003;204;Coium-Punar;Dorobanțu;44.907228;28.294679;760235.1729;383937.9878
10070;Fusei; ; ;română;200;2002;203;Văcăreni;Văcăreni;45.303767;28.190023;750223.1328;427647.1828
10071;Grindu Galaților; ; ;română;200;2002;202;Pisica;Grindu;45.410903;28.157804;747228.299;439446.6074
10072;Gârla Mare; ; ;bulgară;100;1001;102;Văcăreni;Văcăreni;45.334119;28.189809;750072.044;431017.6562
10073;Garvăn;Garbănu, Garwan; ;bulgară;400;4001;401;Văcăreni;Jijila;45.341628;28.168779;748391.5792;431786.242
10074;Gemenei; ; ;română;200;2002;202;Pisica;Jijila;45.427948;28.131928;745129.8418;441260.2253
10075;Gemenei; ; ;română;300;3001;301;Pisica;Jijila;45.429286;28.139341;745703.7697;441431.5649
10076;Ghecet; ; ;turcă;200;2002;202;Măcin;Jijila;45.427552;28.132231;745155.2614;441217.1693
10077;Ghecet; Guetchetou;Smârdanul Nou, Smârdan;turcă;400;4001;401;Măcin;Smârdan;45.28477;28.002466;735601.1805;424968.669
10078;Ruinele Cetățuei Gherma; ; ;incert;400;4004;407;Jijila;Jijila;45.315144;28.150894;747106.4598;428789.38
10079;Culmea Ghiun-Ghirmeș;Ghiun-Ghiurmeș; ;turcă;200;2001;209;Coium-Punar, Cârjelari, Peceneaga;Peceneaga;44.974734;28.213811;753552.4041;391177.0989
10080;Ghiun-Ghirmeș-Dere;Ghiun-Ghiurmeș; ;turcă;100;1001;101;Coium-Punar;Dorobanțu;44.960524;28.23537;755315.6049;389667.1094
10081;Valea Glodului; ; ;rusă;100;1001;101;Văcăreni;Văcăreni;45.301834;28.206912;751555.4879;427485.3677
10082;Grindul Gogoncei; ; ;incert;200;2002;202;Pisica;Grindu;45.400194;28.275066;756450.4771;438626.0379
10083;Pădurea Golășeilor; ; ;română;300;3001;301;Pisica;Smârdan;45.360277;28.035585;737880.047;433453.315
10084;Gorgova; ; ;incert;200;2002;201;Turcoaia;Cerna;45.080538;28.209348;752730.6488;402914.3229
10085;Greci; ; ;română;200;2003;204;Greci;Greci;45.2049336;28.2641451;756480.0792;416904.3328
10086;Greci; ;Soanlîk;română;400;4002;402;Greci;Greci;45.189794;28.233962;754178.081;415126.7485
10087;Valea Grecilor; ; ;română;100;1001;101;Jijila;Jijila;45.251527;28.212915;752250.1707;421916.7682
10088;Valea Grecilor; ;Recea;română;100;1001;101;Greci;Greci;45.213403;28.22745;753561.0428;417728.3024
10089;Dealul Grecilor; ; ;română;200;2002;201;Greci;Greci;45.205281;28.224201;753342.2771;416815.9509
10090;Hasanlar; ; ;turcă;200;2002;201;Satu-Nou, Cârjelari;Cerna;45.008661;28.289987;759403.2951;395188.3976
10091;Hasanlar; ;Homular;turcă;100;1001;101;Cârjelari;Dorobanțu;44.975806;28.323001;762155.4021;391646.559
10092;Hasanlar;Hasan-Koy, Asanmer;Ardealu;turcă;400;4001;401;Cârjelari;Dorobanțu;44.973424;28.315293;761558.69;391356.886
10093;Gârla lui Hileru; ; ;română;100;1001;102;Pisica;I.C.Brătianu;45.395398;28.041919;738227.7431;437373.1315
10094;Valea Hogii; ; ;turcă;100;1001;101;Coium-Punar;Peceneaga;44.952069;28.20373;752858.0943;388628.0099
10095;Homurlar;Umurlar, Omurlar; ;turcă;100;1001;101;Cârjelari;Dorobanțu;44.981191;28.336568;763200.0558;392288.9881
10096;Homurlar;Umurlar, Omurlar; ;turcă;400;4001;401;Cârjelari;Cerna;44.981266;28.365916;765513.0249;392393.8807
10097;Iacobdeal; ; ;incert;200;2002;201;Turcoaia;Turcoaia;45.107469;28.202886;752102.7231;405885.1443
10098;Iaila-Dere; ; ;turcă;100;1001;101;Cârjelari;Cerna;45.016399;28.343162;763556.9664;396220.9072
10099;Iaila;Jailla, Laella;General Praporgescu;turcă;400;4001;401;Cârjelari;Cerna;45.01464;28.374992;766072.5834;396130.4904
10100;Iglicioara Mare; ; ;bulgară;200;2002;201;Turcoaia;Turcoaia;45.094262;28.186413;750865.3612;404366.6695
10101;Iglicioara Mică; ; ;bulgară;200;2002;201;Turcoaia;Turcoaia;45.085269;28.191972;751342.4361;403385.2297
10102;Iglița; ; ;bulgară;100;1002;104;Turcoaia;Greci;45.155133;28.176327;749804.1019;411096.005
10103;Iglița;Igliza, Iglica, Ignitza, Iglitza; ;bulgară;400;4001;401;Turcoaia;Turcoaia;45.147688;28.178918;750040.5058;410277.1759
10104;Ingi-Dere; ; ;turcă;200;2002;206;Coium-Punar;Dorobanțu;44.935754;28.244234;756125.7058;386944.2135
10105;Jijila; ; ;incert;100;1002;103;Văcăreni. Jijila;Smârdan;45.33609;28.125184;745000.872;431036.8869
10106;Jijila; ; ;incert;100;1001;101;Văcăreni. Jijila;Jijila;45.285922;28.190345;750327.3369;425666.1792
10107;Jijila;Cicila, Zizila; ;incert;400;4002;402;Jijila;Jijila;45.304806;28.148349;746952.1709;427633.2997
10108;Balta Ilenelor;; ;română;100;1002;104;Măcin, Jijila;Smârdan;45.299692;28.083773;741912.5781;426868.3115
10109;Carcaliu; ; ;română;200;2002;201;Carcaliu, Greci;Carcaliu;45.208056;28.175626;749516.1295;416971.8721
10110;Carcaliu; ; ;română;200;2003;204;Carcaliu;Măcin;45.208932;28.176452;749577.1246;417071.738
10111;Carcaliu; ; ;română;100;1002;103;Carcaliu;Măcin;45.208913;28.145239;747126.6086;416972.9671
10112;Privalu Carcaliu; ; ;română;100;1001;102;Carcaliu;Carcaliu;45.180781;28.139585;746805.0995;413830.9661
10113;Kiuciuc-Cara; ; ;turcă;200;2002;201;Cârjelari;Cerna;44.987357;28.34758;764039.5096;393009.9334
10114;Coium Punar; ; ;turcă;200;2002;201;Coium-Punar;Dorobanțu;44.937951;28.213179;753666.0421;387089.7449
10115;Coium Punar; ; ;turcă;100;1001;101;Coium-Punar;Dorobanțu;44.92494;28.267074;757976.3737;385816.1918
10116;Valea Largă; ; ;română;100;1001;101;Jijila;Jijila;45.285781;28.160387;747979.097;425557.384
10117;Gârla Lățimei; ; ;română;100;1001;102;Văcăreni;Jijila;45.363222;28.15447;747176.2572;434140.4058
10118;Lățimea; ; ;română;200;2002;202;Pisica;I.C.Bratianu;45.397092;28.107083;743319.8493;437757.2334
10119;Măcin;Matchin;Arrubium;română;400;4003;403;Măcin;Măcin;45.245615;28.129537;745734.5825;421001.1727
10120;Manole; ; ;greacă;200;2002;201;Turcoaia;Turcoaia;45.093981;28.200492;751974.2071;404379.5558
10121;Megina;Mengina; ;incert;200;2002;201;Cerna;Cerna;45.125909;28.284658;758450.2941;408193.2962
10122;Megina;Mengina; ;incert;100;1001;101;Cerna;Cerna;45.114617;28.289283;758865.375;406954.0619
10123;Dealul Milcovului; ; ;incert;200;2002;201;Văcăreni, Jijila;Jijila;45.295954;28.177142;749247.9503;426739.263
10124;Balta Mocanului; ; ;română;100;1002;104;Pisica;Smârdan;45.354912;28.059862;739803.8232;432929.8014
10125;Movila lui Lazăr Nadoleanu; ; ;greacă;200;2002;203;Jijila;Jijila;45.285176;28.120586;744861.0811;425367.8115
10126;Apa Noroioasă; ; ;română;100;1001;102;Turcoaia;Turcoaia;45.067737;28.150912;748188.1787;401310.2532
10127;Valea Nucilor; ; ;română;100;1001;101;Văcăreni, Jijila;Jijila;45.311511;28.16788;748453.5299;428438.3938
10128;Balta Oii; ; ;română;100;1002;104;Jijila;Smârdan;45.308186;28.062429;740203.3838;427747.5457
10129;Grindul Oii; ; ;română;200;2002;202;Măcin;Smârdan;45.30565;28.05894;739940.6892;427455.4149
10130;Oalelor; ; ;română;200;2002;202;Pisica;I.C.Brătianu;45.377429;28.0429;738380.4091;435380.1839
10131;Orliga; ; ;incert;200;2002;201;Jijila;Jijila;45.283217;28.099374;743206.3246;425085.6378
10132;Orta-Cuirac;Orta-Cairac; ;turcă;200;2002;201;Cârjelari;Cerna;44.996219;28.37445;766115.8954;394082.8257
10133;Orta-Dere; ; ;turcă;200;2002;201;Cerna;Cerna;45.10952;28.33665;762613.8562;406541.856
10134;Otlogului; ; ;română;200;2002;202;Măcin;Smârdan;45.273794;28.056839;739911.0709;423910.8237
10135;Para Bair; ; ;turcă;200;2002;201;Cerna;Cerna;45.101542;28.278186;758052.0605;405466.1571
10136;Piatra Ascuțită; ; ;română;200;2002;201;Greci;Greci;45.1451;28.254271;755974.6094;410227.3429
10137;Piatra Fetei; ; ;română;100;1001;102;Măcin;Smârdan;45.263596;28.039917;738626.9623;422727.6017
10138;Piatra Fetei; ; ;română;400;4005;408;Măcin;Smârdan;45.25906;28.058025;740066.5607;422277.845
10139;Piatra Mariei; ; ;română;200;2002;201;Greci;Greci;45.163172;28.275497;757560.9335;412302.4464
10140;Piatra Râioasă; ; ;română;200;2002;201;Greci;Greci;45.165812;28.222307;753369.8083;412426.2808
10141;Piatra Râioasă; ; ;română;200;2002;203;Greci;Greci;45.16279;28.210768;752476.6234;412054.2583
10142;Piatra Roșie; ; ;română;200;2002;201;Cerna;Cerna;45.074505;28.241603;755295.8304;402346.3136
10143;Peceneaga; ;Ai Orman;rusă;100;1001;101;Peceneaga;Peceneaga;44.996797;28.177362;750581.9379;393513.2215
10144;Peceneaga;Petchenega;Peceneaga;rusă;400;4002;402;Peceneaga;Peceneaga;45.007395;28.146159;748076.8219;394593.4798
10145;Grindul Pietroiului; ; ;română;200;2002;202;Măcin;Smârdan;45.310198;28.05798;739846.1523;427957.6956
10146;Vârful Pietrosu; ; ;română;200;2003;208;Văcăreni;Jijila;45.334037;28.174073;748839.6783;430959.5483
10147;Piscul Înalt și Țuțuiat; ; ;română;200;2001;210;Greci, Jijila;Greci;45.211161;28.256754;755871.6524;417572.3721
10148;Pisica; ; ;română;200;2002;202;Pisica;Jijila;45.377922;28.182342;749293.6479;435859.5138
10149;Pisica; ; ;română;300;3001;301;Pisica;Grindu;45.42448;28.205507;750899.7422;441103.0059
10150;Pisica; ;Grindu;română;400;4002;402;Pisica;Grindu;45.407121;28.199396;750498.9009;439155.8312
10151;Plosca; ; ;bulgară;100;1002;103;Pisica;I.C.Brătianu;45.388452;28.091164;742111.2267;436749.3248
10152;Valea Popei; ; ;slavă;200;2002;206;Jijila;Jijila;45.291543;28.139599;746324.1083;426133.2563
10153;Popina; ; ;incert;100;1002;103;Pisica;Grindu;45.378013;28.239346;753755.3178;436048.6657
10154;Popina Mare; ; ;incert;200;2002;205;Pisica;Grindu;45.387507;28.234465;753330.6279;437087.6832
10155;Popina Mică; ; ;incert;200;2002;203;Pisica;Grindu;45.389739;28.205928;751087.301;437245.7018
10156;Pădurea Popinei; ; ;incert;300;3001;301;Pisica;Grindu;45.389826;28.222132;752355.0388;437306.3051
10157;Balta Porcilor; ; ;română;100;1002;104;Măcin;Smârdan;45.285894;28.057632;739921.9526;425257.1651
10158;Dealurile Pricopanului; ; ;incert;200;2001;209;Măcin, Jijila, Greci;Măcin;45.255312;28.18964;750407.4558;422264.188
10159;Priopcea; ; ;incert;200;2002;201;Cerna;Cerna;45.122098;28.255774;756196.4752;407677.4105
10160;Valea Rachova;Rahova; ;incert;100;1001;101;Greci;Greci;45.18481;28.258474;756125.6833;414651.1715
10161;Raman-Bair; ; ;turcă;200;2002;201;Cerna;Cerna;45.114158;28.30064;759760.5889;406939.7787
10162;Valea Recea; ; ;română;100;1001;101;Greci;Greci;45.226544;28.230675;753755.3718;419198.0299
10163;Apa Redeluia; ; ;incert;100;1001;102;Turcoaia;Turcoaia;45.0785;28.160188;748871.1854;402534.3941
10164;Pădurea de la Reni; ; ;incert;300;3001;301;Pisica;Grindu;45.453127;28.221569;752027.817;444335.2431
10165;Saia-Cula; ; ;turcă;200;2002;201;Cerna;Cerna;45.103632;28.318826;761239.1226;405829.7473
10166;Movilele Săpate; ; ;română;200;2001;211;Văcăreni;Văcăreni;45.292925;28.200898;751123.6508;426477.0033
10167;Sărăria; ; ;română;200;2002;201;Jijila;Jijila;45.27729;28.148147;747056.4839;424576.4964
10168;Satu Nou; ;Traian;română;400;4002;402;Satu-Nou;Cerna;45.028885;28.233787;754884.9354;397254.6598
10169;Secaru; ; ;română;200;2002;201;Cerna;Greci;45.152444;28.304018;759851.0193;411202.9169
10170;Sevastin; ; ;rusă;200;2002;201;Văcăreni;Văcăreni;45.284046;28.221416;752771.822;425555.3407
10171;Sînîr-Taș-Tepesi; ; ;turcă;200;2002;201;Coium-Punar;Dorobanțu;44.916947;28.240864;755944.1269;384844.6671
10172;Slatina; ; ;slavă;200;2002;207;Greci;Măcin;45.20723;28.196832;751184.7323;416946.3294
10173;Somova; ; ;rusă;200;2002;202;Măcin;Măcin;45.265488;28.087016;742313.2256;423079.0374
10174;Somova; ; ;rusă;100;1002;103;Măcin;Măcin;45.273359;28.078656;741623.9044;423928.0408
10175;Privalu Somova; ; ;rusă;100;1001;102;Măcin;Măcin;45.260558;28.084604;742145.1265;422524.1697
10176;Spinăul; ; ;română;200;2002;202;Măcin;Smârdan;45.268356;28.032643;738036.3819;423234.6788
10177;Coada Spinăului; ; ;română;200;2002;202;Măcin;Smârdan;45.29092;28.026807;737483.9363;425723.6062
10178;Movila lui Moș Staicu; ; ;slavă;200;2002;203;Jijila;Jijila;45.294113;28.134729;745931.1361;426403.7481
10179;Stanimir; ; ;slavă;100;1002;104;Măcin;Smârdan;45.324888;28.067519;740531.245;429617.9345
10180;Dealul Ștubeilor; ; ;română;200;2002;201;Cerna;Greci;45.1747128;28.3112215;760314.9611;413699.5341
10181;Dealul Ștubeiului; ; ;română;200;2002;201;Jijila;Jijila;45.270502;28.183183;749833.8738;423931.1628
10182;Sulucu; ; ;incert;200;2002;206;Măcin;Măcin;45.243948;28.192659;750694.5917;421011.4491
10183;Sulucu; ; ;incert;200;2002;201;Măcin;Măcin;45.242502;28.204001;751590.94;420886.3749
10184;Sut-Bair;; ;turcă;200;2002;201;Cerna;Cerna;45.10235;28.3387;762808.2318;405752.2443
10185;Gârla lui Tănase; ; ;greacă;100;1001;102;Pisica;I.C.Brătianu;45.395205;28.039438;738034.4049;437344.3161
10186;Tatar-Mezarlâc; ; ;turcă;400;4010;412;Cerna;Cerna;45.067002;28.231753;754554.2345;401481.7108
10187;Câșla Teodorof; ;Teodora;greacă;400;4006;409;Satu-Nou;Cerna;45.04942;28.211601;753046.2821;399465.2464
10188;Tinda; ; ;română;100;1002;103;Pisica;Grindu;45.397615;28.203117;750832.2901;438111.6648
10189;Grindul Tinda; ; ;română;200;2002;202;Pisica;Jijila;45.395368;28.170748;748309.3151;437761.1999
10190;Toloșman; ; ;incert;200;2002;206;Peceneaga;Peceneaga;45.020329;28.199528;752224.5631;396196.2258
10191;Troesmis;Troesmen, Trosmis; ;latină;400;4009;410;Turcoaia;Turcoaia;45.143261;28.1950496;751327.9869;409835.8791
10192;Turcoaia;Tourkoia, Tourkaya, Turkoya; ;turcă;400;4002;402;Turcoaia;Turcoaia;45.112105;28.189813;751054.026;406359.0749
10193;Ezerul Tucoaia; ; ;turcă;100;1002;104;Turcoaia;Turcoaia;45.080897;28.191616;751333.7443;402898.5292
10194;Valea Ulmului; ; ;română;100;1001;101;Turcoaia;Turcoaia;45.07367;28.223089;753842.5604;402194.8693
10195;Văcăreni; ; ;română;400;2002;201;Văcăreni;Văcăreni;45.32741;28.17812;749185.9347;430236.0755
10196;Văcăreni;Vakareni; ;română;200;4002;402;Văcăreni;Văcăreni;45.325377;28.193939;750434.3184;430059.5991
10197;Valea Vîlcanului; ; ;slavă;100;1001;101;Măcin;Măcin;45.250538;28.15075;747377.4841;421613.2051
10198;Grindul Vîlcanului; ; ;slavă;200;2002;202;Pisica;I.C.Brătianu;45.38943;28.037827;737932.6874;436698.0821
10199;Vasilica;;Valea Lui Vasilică;greacă;100;1001;101;Jijila;Jijila;45.278057;28.170883;748836.0074;424732.021
10200;Veriga de lângă Dunăre; ; ;slavă;100;1001;102;Peceneaga;Peceneaga;45.014895;28.134816;747150.5554;395391.5305
10201;Valea Viilor; ; ;română;100;1001;101;Turcoaia;Turcoaia;45.138183;28.211346;752631.5105;409323.056
10202;Dealul Vițelarului; ; ;română;200;2002;201;Măcin;Măcin;45.261981;28.159104;747982.7695;422909.977
10203;Grindul Zătoca; ; ;bulgară;200;2002;202;Pisica;I.C.Brătianu;45.424497;28.074302;740637.6854;440702.0737
10204;Zătoca; ; ;bulgară;200;2002;203;Pisica;I.C.Brătianu;45.433505;28.084478;741395.0146;441733.2492
10205;Zătoca; ;Chiciu;bulgară;100;1001;102;Pisica;I.C.Brătianu;45.425888;28.073948;740604.0601;440855.511
10206;Grindul Zgamira Mare; ; ;incert;200;2002;202;Jijila;Jijila;45.29814;28.120011;744759.8969;426805.9667
10207;Acar-Cula; ; ;turcă;100;1001;101;Balabancea;Hamcearca;45.090131;28.377055;765882.2139;404521.4893
10208;Dealul Acic-Tepe; ; ;turcă;200;2002;201;Isaccea;Isaccea;45.249707;28.410339;767746.6752;422354.9503
10209;Acic-Tepe; ; ;turcă;100;1001;101;Isaccea;Isaccea;45.240492;28.427914;769169.2337;421390.38
10210;Dealul Almalia; ; ;incert;200;2002;201;Balabancea;Cerna;45.13561;28.334725;762341.9607;409433.1963
10211;Dealul Amzalâi; ; ;turcă;200;2002;201;Balabancea;Cerna;45.071722;28.368772;765316.4339;402449.5457
10212;Valea Ascunsă; ; ;română;100;1001;101;Luncavița;Luncavița;45.237325;28.272353;756977.5973;420528.1768
10213;Balabancea;Balabantcha; ;turcă;400;4002;402;Balabancea;Hamcearca;45.069767;28.406554;768299.0059;402357.9832
10214;Dealul Boclogea; ; ;turcă;200;2002;201;Balabancea;Horia;45.084965;28.457393;772227.2508;404217.0313
10215;Dealul Breazu; ; ;română;200;2002;201;Balabancea;Niculițel;45.198278;28.431193;769627.2948;416713.0869
10216;Cadiasa; ; ;turcă;200;2002;203;Luncavița;Luncavița;45.27609;28.297514;758774.7395;424914.5584
10217;Dealul Cadiului; ; ;turcă;200;2002;201;Balabancea;Hamcearca;45.219359;28.365673;764384.1945;418836.2108
10218;Valea Cadiului; ; ;turcă;200;2002;206;Balabancea;Hamcearca;45.208475;28.374361;765117.0515;417656.0934
10219;Capaclia; ; ;incert;100;1001;101;Isaccea;Niculițel;45.223276;28.459981;771767.8679;419586.5502
10220;Crapcea; ; ;turcă;200;2002;201;Balabancea;Hamcearca;45.078305;28.381916;766320.0156;403224.1872
10221;Gârla Cazacului; ; ;rusă;100;1001;102;Isaccea;Isaccea;45.279397;28.396925;766554.4835;425607.6572
10222;Valea Ciairului; ; ;turcă;200;2002;206;Luncavița;Luncavița;45.263674;28.303179;759275.8408;423553.8871
10223;Dealul Cocoșului; ; ;română;200;2002;201;Isaccea;Isaccea;45.23282;28.402747;767230.7475;420454.1253
10224;Valea Cocoșului; ; ;română;200;2002;206;Isaccea;Isaccea;45.222649;28.40701;767613.3202;419338.7394
10225;Moara Mănăstirei Cocoșul; ; ;română;400;4007;408;Balabancea;Hamcearca;45.15935;28.403763;767657.0574;412297.8412
10226;Cocoșul; ; ;română;400;4010;413;Isaccea;Niculițel;45.211153;28.416185;768387.8841;418092.6473
10227;Movila Codrului; ; ;română;200;2002;203;Luncavița;Luncavița;45.284108;28.268772;756484.5453;425712.686
10228;Valea Codrului; ; ;română;200;2002;206;Luncavița;Luncavița;45.268792;28.264039;756182.7814;423996.4658
10229;Coșlugea; ; ;turcă;200;2002;201;Balabancea;Hamcearca;45.108727;28.425883;769635.3788;406749.6725
10230;Coșlugea; ; ;turcă;200;2002;206;Balabancea;Horia;45.10697;28.436842;770505.616;406591.418
10231;David; ; ;ebraică;200;2002;206;Balabancea;Hamcearca;45.117709;28.366018;764885.357;407547.8629
10232;David; ; ;ebraică;100;1001;101;Balabancea;Hamcearca;45.126137;28.36076;764432.6673;408466.555
10233;Eschi-Cale; ; ;turcă;400;4009;411;Isaccea;Isaccea;45.269547;28.492187;774071.5301;424835.0216
10234;Gâlmele Înșirate; ; ;slavă;200;2002;201;Luncavița;Luncavița;45.238912;28.324567;761067.5108;420873.1312
10235;Gâlma Mare; ; ;slavă;200;2002;201;Luncavița;Luncavița;45.251888;28.313859;760167.6641;422279.4866
10236;Giaferca; ; ;turcă;200;2002;201;Balabancea;Horia;45.083197;28.43198;770236.2082;403934.8095
10237;Giaferca Rusă; ;Căprioara;turcă;400;4001;401;Balabancea;Hamcearca;45.120746;28.404412;767890.1077;408012.605
10238;Giaferca Turcească;Jaferislam;Islam Giaferca, Florești;turcă;400;4001;401;Balabancea;Horia;45.073196;28.448931;771617.6783;402881.3085
10239;Ghidriciu; ; ;incert;100;1001;102;Luncavița;Luncavița;45.31434;28.350962;762788.1096;429336.7007
10240;Ghidriciu; ; ;incert;300;3001;301;Luncavița;Luncavița;45.308937;28.338434;761831.4123;428695.6084
10241;Gârla Hambarului; ; ;bulgară;100;1001;102;Isaccea;Isaccea;45.274474;28.433118;769415.7822;425181.9277
10242;Hamcearca; ; ;turcă;200;2002;201;Balabancea;Hamcearca;45.110899;28.367421;765027.4404;406796.1616
10243;Hamcearca; ; ;turcă;100;1001;101;Balabancea;Hamcearca;45.11305;28.37584;765679.4849;407062.8922
10244;Hamcearca;Amtcharka; ;turcă;400;4001;401;Balabancea;Hamcearca;45.11663;28.390786;766838.0326;407510.08
10245;Muntele lui Hasan; ; ;turcă;200;2002;201;Isaccea;Isaccea;45.267983;28.37944;765236.9847;424281.9852
10246;Holaclu; ; ;incert;100;1001;101;Balabancea;Hamcearca;45.130538;28.416986;768832.4472;409142.1638
10247;Isaccea; ; ;turcă;200;2003;204;Isaccea;Isaccea;45.261238;28.396003;766567.7102;423587.8197
10248;Isaccea;Saktcha, Isakdji, Isakca;Noviodunum, Oblucița;turcă;400;4003;403;Isaccea;Isaccea;45.272257;28.458989;771455.097;425023.0061
10249;Brațul Isaccea; ; ;turcă;100;1001;105;Isaccea;Isaccea;45.278444;28.448051;770567.7737;425673.1461
10250;Isaccea; ; ;turcă;200;2002;205;Isaccea;Isaccea;45.280832;28.452232;770884.1707;425952.4821
10251;Cadiasa;Kadiasa; ;turcă;200;2002;203;Luncavița;Luncavița;45.276144;28.297399;758765.4747;424920.1846
10252;Puțul lui Moș Chiriac; ; ;greacă;400;4007;408;Luncavița;Luncavița;45.303967;28.263596;755988.8214;427901.7916
10253;Kitlis; ; ;incert;200;2003;204;Luncavița;Văcăreni;45.265169;28.22801;753373.3399;423479.5507
10254;Luncavița; ; ;română;100;1001;101;Luncavița;Luncavița;45.24896;28.290624;758358.2459;421879.1435
10255;Luncavița;Louncavitza; ;română;400;4002;402;Luncavița;Luncavița;45.288489;28.277116;757118.8487;426226.0019
10256;Luncavița Mare; ; ;română;100;1001;101;Luncavița;Luncavița;45.231993;28.350886;763164.8232;420190.7308
10257;Luncavița Mică; ; ;română;100;1001;101;Luncavița;Luncavița;45.2267;28.311415;760091.5702;419474.0719
10258;Valea Lungă; ; ;română;200;2002;206;Balabancea;Hamcearca;45.161077;28.336531;762366.2173;412267.5477
10259;Valea Lupului; ; ;română;200;2002;206;Balabancea;Hamcearca;45.193654;28.324245;761250.7856;415845.5599
10260;Valea Milanului; ; ;incert;200;2002;206;Luncavița;Luncavița;45.303221;28.262547;755909.9788;427815.5856
10261;Izvorul Morilor; ;Luncavița;română;100;1001;101;Luncavița;Luncavița;45.267456;28.287391;758020.293;423922.9877
10262;Movila Mare; ; ;română;200;2002;203;Luncavița;Luncavița;45.301561;28.252784;755152.2513;427600.082
10263;Movilele Înșirate; ; ;română;200;2001;211;Isaccea;Isaccea;45.260678;28.489964;773940.1233;423842.441
10264;Movilele Înșirate; ; ;română;200;2001;211;Luncavița;Luncavița;45.29351;28.246306;754680.7464;426685.2794
10265;Mucuca; ;Mucuța;incert;200;2002;203;Luncavița;Luncavița;45.272389;28.276203;757120.4234;424434.9192
10266;Dealul lui Negoiu; ; ;slavă;200;2002;201;Balabancea;Hamcearca;45.166287;28.324355;761385.4915;412806.4404
10267;Valea Nevestelniței; ; ;incert;100;1001;101;Luncavița;Văcăreni;45.31117;28.238245;753969.4932;428621.1302
10268;Oltoiu; ; ;incert;200;2002;201;Luncavița;Luncavița;45.247102;28.260556;756007.6829;421576.322
10269;Pârlita; ; ;română;200;2002;201;Balabancea;Niculițel;45.149524;28.427729;769586.8611;411286.8048
10270;Pârlita; ; ;română;100;1001;101;Balabancea;Hamcearca;45.153681;28.394415;766949.1898;411637.0877
10271;Piatra Căcată; ; ;română;100;1002;103;Isaccea, Luncavița;Luncavița;45.282664;28.370352;764455.6305;425882.461
10272;Pietrosu; ; ;română;200;2002;201;Luncavița;Luncavița;45.250642;28.242833;754601.2672;421913.0535
10273;Pietrosu; ; ;română;200;2003;204;Balabancea;Horia;45.071418;28.435411;770562.187;402638.1898
10274;Piscu Roșu; ; ;română;200;2002;201;Luncavița;Văcăreni;45.260545;28.237561;754143.2091;422996.2147
10275;Valea Puțu Popei; ; ;slavă;200;2002;206;Luncavița;Văcăreni;45.274375;28.227299;753276.3735;424499.7848
10276;Japșa Racova; ;;incert;100;1002;104;Isaccea;Isaccea;45.274602;28.416015;768074.0325;425138.7919
10277;Rachel;Rakel;Rachelu;ebraică;400;4001;401;Luncavița;Luncavița;45.288466;28.323463;760752.5081;426373.2007
10278;Fortul Rachelului; ; ;ebraică;400;4009;411;Luncavița;Luncavița;45.289138;28.320673;760530.6813;426438.7614
10279;Valea Rece; ; ;română;100;1001;101;Isaccea;Isaccea;45.271353;28.37232;764662.8332;424632.7286
10280;Sarap-Dere; ; ;turcă;100;1001;101;Balabancea;Hamcearca;45.132386;28.366614;764863.7846;409179.89
10281;Balta Satului; ; ;română;100;1002;103;Luncavița;Luncavița;45.280553;28.267974;756438.09;425315.2938
10282;Valea Stanchii; ; ;slavă;200;2002;206;Luncavița;Luncavița;45.269513;28.24129;754395.3999;424004.0878
10283;Valea Stipanului; ; ;slavă;100;1001;101;Balabancea;Hamcearca;45.119686;28.424882;769504.673;407963.4208
10284;Valea Stupinei; ; ;română;200;2002;206;Luncavița;Luncavița;45.273437;28.272691;756840.2497;424540.0553
10285;Taița; ; ;slavă;100;1001;101;Balabancea;Hamcearca;45.083955;28.402645;767924.5286;403920.6607
10286;Taița; ; ;slavă;400;4001;401;Balabancea;Hamcearca;45.166715;28.373059;765210.0362;413013.8335
10287;Taița; ; ;slavă;400;4010;404;Balabancea;Hamcearca;45.16625;28.361783;764326.2877;412924.972
10288;Taița; ; ;slavă;200;2002;201;Balabancea;Hamcearca;45.172696;28.384818;766105.8445;413717.0382
10289;Dealul Teilor; ; ;română;200;2002;201;Balabancea;Luncavița;45.210201;28.316513;760567.5324;417658.1773
10290;Țiganca; ; ;slavă;200;2002;201;Balabancea;Hamcearca;45.171528;28.342461;762783.7659;413447.6784
10291;Țiganca; ; ;slavă;200;2002;206;Balabancea;Hamcearca;45.209387;28.32882;761537.4741;417607.8357
10292;Țiganca; ;Nifon;slavă;400;4001;401;Balabancea;Hamcearca;45.154962;28.371065;765108.2681;411701.9296
10293;Tichilești; ; ;turcă;400;4001;401;Luncavița;Isaccea;45.263086;28.359323;763682.1037;423671.7354
10294;Movila lui Moș Toma; ; ;ebraică;200;2002;203;Luncavița;Luncavița;45.278439;28.321737;760663.3866;425253.9461
10295;Valea Turiacului; ; ;incert;100;1001;101;Luncavița;Luncavița;45.258936;28.337423;761983.624;423139.0116
10296;Vizir-Tepe; ; ;turcă;200;2002;201;Isaccea;Isaccea;45.264115;28.481064;773225.4742;424193.7715
10297;Coada Crapinei;;;bulgară;100;1001;103;Văcăreni;Văcăreni;45.3476673;28.2208272;752441.3837;432619.7281
10298;Balta Crapinei;;;bulgară;100;1001;103;Văcăreni, Luncavița;Luncavița;45.3370618;28.275895;756802.3834;431616.8542
10299;Pădurea Lată;;;română;300;3001;301;Luncavița;Luncavița;45.3267693;28.3267254;760831.5106;430637.9424
10300;Pădurea Jidanului;;;ebraică;300;3001;301;Luncavița;Luncavița;45.298041;28.313494;759926.947;427404.2536
